cell_id_dna	ptime	ptime2
1	AS-485326-LR-51079	0.604362749033247	0.604378749951117
2	AS-485400-LR-51079	1.40186865181874	1.47228747270473
3	AS-485434-LR-51078	1.765725859612	2.0430754917432
4	AS-485456-LR-51078	0.65125835091595	0.652886914510426
5	AS-485458-LR-51078	1.11664146225896	1.14148045003196
6	AS-485480-LR-51078	0.374374738337317	0.374478295367666
7	AS-485482-LR-51078	0.580549117840323	0.581844513511575
8	AS-485506-LR-51078	3.87999244728446	NA
9	AS-485350-LR-51079	2.48856819126997	NA
10	AS-485354-LR-51079	1.56614645743815	1.62657179513723
11	AS-485378-LR-51079	0.624747179262117	0.625473531460068
12	AS-485338-LR-51079	4.14139610629963	NA
13	AS-485410-LR-51079	4.1881919770746	NA
14	AS-485412-LR-51079	3.83617931736498	NA
15	AS-485414-LR-51079	4.533003840788	NA
16	AS-485446-LR-51078	4.0302413512879	NA
17	AS-485448-LR-51078	3.75281899321233	NA
18	AS-485468-LR-51078	3.78627327480163	NA
19	AS-485470-LR-51078	4.03770145696589	NA
20	AS-485472-LR-51078	3.81528151610918	NA
21	AS-485492-LR-51078	3.89386726799327	NA
22	AS-485340-LR-51079	4.06181388291912	NA
23	AS-485494-LR-51078	3.96264867933914	NA
24	AS-485516-LR-51078	3.62693528538264	NA
25	AS-485518-LR-51078	3.82722205613038	NA
26	AS-485362-LR-51079	4.70349076828843	NA
27	AS-485364-LR-51079	4.61387360690641	NA
28	AS-485366-LR-51079	3.68958482859425	NA
29	AS-485386-LR-51079	4.19766801041499	NA
30	AS-485388-LR-51079	3.56815880208382	NA
31	AS-485320-LR-51079	1.13818773706471	1.16936862566733
32	AS-485474-LR-51078	0.613182357467829	0.612262940025735
33	AS-485322-LR-51079	NA	7.11066253106953
34	AS-485498-LR-51078	0.427960206170788	0.426856506524659
35	AS-485500-LR-51078	0.468823627477705	0.468515222823236
36	AS-485502-LR-51078	0.639501839192892	0.642305496269341
37	AS-485324-LR-51079	0.828183382675453	0.832429639156643
38	AS-485344-LR-51079	0.819816921757941	0.82227788901864
39	AS-485346-LR-51079	0.54628893372129	NA
40	AS-485404-LR-51079	NA	7.20160373380161
41	AS-485486-LR-51078	NA	7.41767839630209
42	AS-485488-LR-51078	NA	6.80458448871199
43	AS-485512-LR-51078	NA	7.4431697775095
44	AS-485514-LR-51078	NA	7.30921328726865
45	AS-485356-LR-51079	NA	6.98363945190457
46	AS-485360-LR-51079	NA	6.79097671162532
47	AS-485380-LR-51079	NA	7.32794329891789
48	AS-538964-LR-53397	3.69842881101471	NA
49	AS-539036-LR-53397	0.818605082349269	0.821423346702756
50	AS-539040-LR-53397	3.64377812187583	NA
51	AS-539062-LR-53397	1.42951885508998	1.46092176090603
52	AS-539064-LR-53397	3.7076565081509	NA
53	AS-539084-LR-53397	3.25300188800196	NA
54	AS-539088-LR-53397	0.809843908506662	0.816855335145406
55	AS-539108-LR-53397	1.85641478375177	1.85598681440525
56	AS-539110-LR-53397	0.48015036767489	0.482048420087459
57	AS-539132-LR-53397	3.57961260038216	NA
58	AS-538990-LR-53397	0.517060071209122	0.517761470623514
59	AS-538992-LR-53397	1.54769000023977	1.58274353011114
60	AS-539014-LR-53397	1.63468024389684	1.69257560417554
61	AS-539016-LR-53397	1.37897675170423	1.42351520618082
62	AS-538976-LR-53397	3.86809424075626	NA
63	AS-539048-LR-53397	3.66576119638433	NA
64	AS-539050-LR-53397	3.97664561622054	NA
65	AS-539052-LR-53397	4.04187761786368	NA
66	AS-539072-LR-53397	3.79400882327172	NA
67	AS-539074-LR-53397	3.84614414999355	NA
68	AS-539076-LR-53397	3.92737914970437	NA
69	AS-539096-LR-53397	3.71695822996353	NA
70	AS-539098-LR-53397	3.8205165708688	NA
71	AS-539100-LR-53397	3.84008553253295	NA
72	AS-539120-LR-53397	3.81236155557337	NA
73	AS-538978-LR-53397	3.93239967922624	NA
74	AS-539122-LR-53397	3.89139714413986	NA
75	AS-539144-LR-53397	3.77965230967413	NA
76	AS-539146-LR-53397	3.85698581666167	NA
77	AS-539148-LR-53397	3.85195425963151	NA
78	AS-538980-LR-53397	3.90674338543158	NA
79	AS-539000-LR-53397	3.73219883792496	NA
80	AS-539002-LR-53397	3.95700319408937	NA
81	AS-539004-LR-53397	3.85482666759154	NA
82	AS-539024-LR-53397	3.81747263677946	NA
83	AS-539026-LR-53397	3.70845072436365	NA
84	AS-539028-LR-53397	3.92241356698776	NA
85	AS-538958-LR-53397	2.90439057225422	NA
86	AS-539034-LR-53397	0.664122507534788	0.666725033951979
87	AS-539054-LR-53397	0.704831142015452	0.705122034859743
88	AS-539078-LR-53397	0.521610151247106	0.519035904959636
89	AS-539080-LR-53397	NA	7.79334557418113
90	AS-539082-LR-53397	1.07660048684692	1.07611470155476
91	AS-539102-LR-53397	NA	6.73448751614849
92	AS-538960-LR-53397	NA	7.10527554114644
93	AS-539126-LR-53397	0.672625167938194	0.675296669049098
94	AS-539130-LR-53397	NA	7.67636709673756
95	AS-538962-LR-53397	NA	7.4290691661111
96	AS-538982-LR-53397	NA	7.57785897613595
97	AS-538986-LR-53397	0.758846092967786	0.762533390398488
98	AS-539006-LR-53397	0.635153232253416	0.636363139594321
99	AS-539010-LR-53397	NA	6.73527347568438
100	AS-538970-LR-53397	NA	7.56477939037007
101	AS-539042-LR-53397	NA	6.97871936590983
102	AS-539046-LR-53397	NA	7.69659988380063
103	AS-539066-LR-53397	NA	6.99064398173858
104	AS-539068-LR-53397	NA	6.66955617812434
105	AS-539090-LR-53397	NA	7.32667020582038
106	AS-539092-LR-53397	NA	7.45997733826779
107	AS-539094-LR-53397	NA	7.49364609810474
108	AS-539114-LR-53397	NA	7.51806960950328
109	AS-538972-LR-53397	NA	7.49529745996703
110	AS-539116-LR-53397	NA	6.97668591793512
111	AS-539142-LR-53397	NA	7.49266132095783
112	AS-538974-LR-53397	NA	7.46905114441913
113	AS-538994-LR-53397	NA	7.305206811692
114	AS-538998-LR-53397	NA	6.94098375881345
115	AS-539020-LR-53397	NA	6.99462163156692
116	AS-539022-LR-53397	NA	7.05616127895128
117	AS-558309-LR-56166_AS-558502-LR-56167	0.453987482704961	0.45539911913464
118	AS-558381-LR-56166_AS-558574-LR-56167	0.53072280271071	0.53073973197991
119	AS-558383-LR-56166_AS-558576-LR-56167	1.43407606042149	1.48349748398517
120	AS-558385-LR-56166_AS-558578-LR-56167	0.584747666049366	0.585782679672012
121	AS-558405-LR-56166_AS-558598-LR-56167	1.57775352921486	1.66551092222823
122	AS-558407-LR-56166_AS-558600-LR-56167	1.45898609793155	1.50963568823748
123	AS-558409-LR-56166_AS-558602-LR-56167	0.763179389934698	0.76744155147054
124	AS-558429-LR-56166_AS-558622-LR-56167	0.351632643380834	0.351691965775644
125	AS-558431-LR-56166_AS-558624-LR-56167	0.794507613361849	0.798319999558005
126	AS-558433-LR-56166_AS-558626-LR-56167	0.377559034616118	0.378288911614999
127	AS-558453-LR-56166_AS-558646-LR-56167	1.50462811289295	1.58516367536955
128	AS-558311-LR-56166_AS-558504-LR-56167	0.689121034503232	0.693073474308263
129	AS-558479-LR-56166_AS-558672-LR-56167	2.84658717983494	NA
130	AS-558481-LR-56166_AS-558674-LR-56167	0.326108908980455	0.326176534264685
131	AS-558313-LR-56166_AS-558506-LR-56167	1.56781213896786	1.72686023325935
132	AS-558333-LR-56166_AS-558526-LR-56167	1.56575056138492	1.65639800487764
133	AS-558335-LR-56166_AS-558528-LR-56167	1.58794073793178	1.64694281592106
134	AS-558337-LR-56166_AS-558530-LR-56167	0.696654857481684	0.697580541750563
135	AS-558357-LR-56166_AS-558550-LR-56167	0.534468665821871	0.537207341407712
136	AS-558359-LR-56166_AS-558552-LR-56167	1.34707280020062	1.3901772285688
137	AS-558361-LR-56166_AS-558554-LR-56167	0.597149398224728	0.595649903184593
138	AS-558321-LR-56166_AS-558514-LR-56167	0.594687479725261	0.598378242648346
139	AS-558393-LR-56166_AS-558586-LR-56167	0.52375213320222	0.524510084050272
140	AS-558395-LR-56166_AS-558588-LR-56167	2.17002744193088	NA
141	AS-558397-LR-56166_AS-558590-LR-56167	1.95316053278005	2.1437059739373
142	AS-558417-LR-56166_AS-558610-LR-56167	0.493070762221468	0.493912942347814
143	AS-558421-LR-56166_AS-558614-LR-56167	2.11581429477232	NA
144	AS-558441-LR-56166_AS-558634-LR-56167	0.495060563414247	0.496034030416929
145	AS-558443-LR-56166_AS-558636-LR-56167	1.30445511754475	1.33761786310069
146	AS-558445-LR-56166_AS-558638-LR-56167	1.9030709424617	2.10213213468649
147	AS-558465-LR-56166_AS-558658-LR-56167	3.10915207867998	NA
148	AS-558467-LR-56166_AS-558660-LR-56167	0.552934739103614	0.553001014456031
149	AS-558489-LR-56166_AS-558682-LR-56167	0.725109613464214	0.731051015090214
150	AS-558491-LR-56166_AS-558684-LR-56167	2.4046754966751	NA
151	AS-558493-LR-56166_AS-558686-LR-56167	2.78294007181837	NA
152	AS-558345-LR-56166_AS-558538-LR-56167	0.915516877406366	0.931454889213001
153	AS-558369-LR-56166_AS-558562-LR-56167	1.84902133737918	2.47486974934424
154	AS-558371-LR-56166_AS-558564-LR-56167	1.82915844445042	2.11733873552668
155	AS-558373-LR-56166_AS-558566-LR-56167	0.730538099887206	0.736984512159791
156	AS-558387-LR-56166_AS-558580-LR-56167	0.636118386661627	0.639715956837681
157	AS-558389-LR-56166_AS-558582-LR-56167	0.461045814644412	0.462195637701475
158	AS-558391-LR-56166_AS-558584-LR-56167	NA	7.30227450119608
159	AS-558411-LR-56166_AS-558604-LR-56167	3.74745462572678	NA
160	AS-558415-LR-56166_AS-558608-LR-56167	0.595113022379002	0.602062362589872
161	AS-558483-LR-56166_AS-558676-LR-56167	0.458855272057713	0.46165632860129
162	AS-558487-LR-56166_AS-558680-LR-56167	0.557274374368374	0.559832922221696
163	AS-558343-LR-56166_AS-558536-LR-56167	0.511894513701773	0.513851427565941
164	AS-558367-LR-56166_AS-558560-LR-56167	0.477273796933288	0.478871387831857
165	AS-558403-LR-56166_AS-558596-LR-56167	7.58977645669633	NA
166	AS-558329-LR-56166_AS-558522-LR-56167	1.08271576081824	1.0871521563755
167	AS-558497-LR-56166_AS-558690-LR-56167	1.47542860358585	1.54028284149647
168	AS-558355-LR-56166_AS-558548-LR-56167	0.579682948099223	0.581823952002244
169	AS-558375-LR-56166_AS-558568-LR-56167	0.349783863457108	0.349497596595331
170	AS-586468-LR-55662	3.6866525589323	NA
171	AS-586476-LR-55662	0.744554297161424	0.751279656104781
172	AS-586470-LR-55662	3.46132316317259	NA
173	AS-586478-LR-55662	2.85472985689012	NA
174	AS-586480-LR-55662	1.55566334255906	1.56464300278341
175	AS-586482-LR-55662	0.182667584453011	0.183006705005128
176	AS-586500-LR-55662	3.67352380690424	NA
177	AS-586508-LR-55662	3.53035040006613	NA
178	AS-586502-LR-55662	3.51843144297587	NA
179	AS-586510-LR-55662	3.61478504002261	NA
180	AS-586504-LR-55662	3.81445719723916	NA
181	AS-586512-LR-55662	3.71423251442754	NA
182	AS-586506-LR-55662	3.74762494927653	NA
183	AS-586514-LR-55662	3.23095931696404	NA
184	AS-586452-LR-55662	0.0488849333438224	0.0488849333438205
185	AS-586454-LR-55662	0.532257975598038	0.533555710080202
186	AS-586462-LR-55662	2.41255611299481	NA
187	AS-586458-LR-55662	2.49747949297975	NA
188	AS-586466-LR-55662	0.800372228604859	0.805218856955231
189	AS-586484-LR-55662	NA	7.83465284236777
190	AS-586492-LR-55662	NA	7.88267062540192
191	AS-586486-LR-55662	NA	7.88926620173122
192	AS-586494-LR-55662	NA	8.19571568878393
193	AS-586488-LR-55662	NA	7.49631183140468
194	AS-586496-LR-55662	NA	7.53295585645674
195	AS-586490-LR-55662	NA	7.96964031561811
196	AS-586498-LR-55662	NA	7.9163866018579
197	AS-605820-LR-56124_AS-621083-LR-56607	1.33651932076778	1.36795127312415
198	AS-605822-LR-56124_AS-621085-LR-56607	2.43825041995852	NA
199	AS-605826-LR-56124_AS-621089-LR-56607	2.60384367309118	NA
200	AS-605828-LR-56124_AS-621091-LR-56607	0.940881929190638	0.945707316890599
201	AS-605832-LR-56124_AS-621095-LR-56607	2.64128413033418	NA
202	AS-605834-LR-56124_AS-621097-LR-56607	0.888612858969679	0.885970893458368
203	AS-605838-LR-56124_AS-621101-LR-56607	2.52419655210423	NA
204	AS-605840-LR-56124_AS-621103-LR-56607	0.945638616641715	0.934003815208188
205	AS-605844-LR-56124_AS-621107-LR-56607	1.51818072623816	1.53537411277742
206	AS-605848-LR-56124_AS-621111-LR-56607	2.13378584144271	NA
207	AS-605850-LR-56124_AS-621113-LR-56607	1.62375681030238	1.65890027548033
208	AS-605854-LR-56124_AS-621117-LR-56607	0.860081671658045	0.867453564732455
209	AS-605856-LR-56124_AS-621119-LR-56607	3.05723364423837	NA
210	AS-605858-LR-56124_AS-621121-LR-56607	2.7681276112851	NA
211	AS-605860-LR-56124_AS-621123-LR-56607	2.51257160695709	NA
212	AS-605864-LR-56124_AS-621127-LR-56607	1.41639422249862	1.43339077026618
213	AS-605866-LR-56124_AS-621129-LR-56607	2.98101300225414	NA
214	AS-605870-LR-56124_AS-621133-LR-56607	3.30476345185207	NA
215	AS-605888-LR-56124_AS-621151-LR-56607	0.805982458923678	0.806287159618515
216	AS-605890-LR-56124_AS-621153-LR-56607	0.809617849428459	0.810167509637882
217	AS-605892-LR-56124_AS-621155-LR-56607	2.22707640230597	NA
218	AS-605902-LR-56124_AS-621165-LR-56607	2.98360095765005	NA
219	AS-605904-LR-56124_AS-621167-LR-56607	2.13306866611963	NA
220	AS-605906-LR-56124_AS-621169-LR-56607	1.84397395372487	1.78332848021469
221	AS-605914-LR-56124_AS-621177-LR-56607	3.34269325918653	NA
222	AS-605916-LR-56124_AS-621179-LR-56607	0.873590921943355	0.870190585126752
223	AS-605918-LR-56124_AS-621181-LR-56607	0.889184732289243	0.880971327692596
224	AS-605768-LR-56124_AS-621031-LR-56607	3.57555482059129	NA
225	AS-605926-LR-56124_AS-621189-LR-56607	1.38289064364622	1.43051928025151
226	AS-605928-LR-56124_AS-621191-LR-56607	2.28116710505939	NA
227	AS-605932-LR-56124_AS-621195-LR-56607	2.6642033247054	NA
228	AS-605936-LR-56124_AS-621199-LR-56607	2.83511200185899	NA
229	AS-605940-LR-56124_AS-621203-LR-56607	1.49005385594203	1.5163685526662
230	AS-605942-LR-56124_AS-621205-LR-56607	2.92647924313659	NA
231	AS-605950-LR-56124_AS-621213-LR-56607	2.30155872480862	NA
232	AS-605954-LR-56124_AS-621217-LR-56607	1.43843464434609	1.49928665378495
233	AS-605770-LR-56124_AS-621033-LR-56607	2.8482622969908	NA
234	AS-605788-LR-56124_AS-621051-LR-56607	2.71725050018239	NA
235	AS-605772-LR-56124_AS-621035-LR-56607	3.26299268891466	NA
236	AS-605792-LR-56124_AS-621055-LR-56607	3.26021985527273	NA
237	AS-605794-LR-56124_AS-621057-LR-56607	1.49045767902818	1.50105391085269
238	AS-605796-LR-56124_AS-621059-LR-56607	1.58636966454394	1.59935227627717
239	AS-605798-LR-56124_AS-621061-LR-56607	3.20627714538945	NA
240	AS-605774-LR-56124_AS-621037-LR-56607	2.75423799969728	NA
241	AS-605802-LR-56124_AS-621065-LR-56607	2.51326819033567	NA
242	AS-605804-LR-56124_AS-621067-LR-56607	2.95442835331904	NA
243	AS-605806-LR-56124_AS-621069-LR-56607	1.85884735628155	1.7841455013401
244	AS-605810-LR-56124_AS-621073-LR-56607	2.90376157291122	NA
245	AS-605814-LR-56124_AS-621077-LR-56607	2.46946553749887	NA
246	AS-606007-LR-56130_AS-621295-LR-56630	2.8039492456242	NA
247	AS-606009-LR-56130_AS-621297-LR-56630	3.19337638405017	NA
248	AS-606011-LR-56130_AS-621299-LR-56630	0.984391642755773	0.987706195792918
249	AS-606013-LR-56130_AS-621301-LR-56630	5.12834873403351	NA
250	AS-606015-LR-56130_AS-621303-LR-56630	2.25348692973317	NA
251	AS-605967-LR-56130_AS-621255-LR-56630	1.41895625495966	1.48538698497678
252	AS-606019-LR-56130_AS-621307-LR-56630	2.48755187864011	NA
253	AS-606021-LR-56130_AS-621309-LR-56630	1.81756719847048	1.75927301076955
254	AS-606023-LR-56130_AS-621311-LR-56630	1.66047595296491	1.63346839760037
255	AS-606025-LR-56130_AS-621313-LR-56630	4.96951795372726	NA
256	AS-606027-LR-56130_AS-621315-LR-56630	1.08183100024536	1.07965199694993
257	AS-606031-LR-56130_AS-621319-LR-56630	0.84286113476093	0.839283603038118
258	AS-606033-LR-56130_AS-621321-LR-56630	2.41324246384136	NA
259	AS-606035-LR-56130_AS-621323-LR-56630	2.57968040613553	NA
260	AS-606037-LR-56130_AS-621325-LR-56630	1.91991797442248	2.09774629729086
261	AS-606039-LR-56130_AS-621327-LR-56630	3.49255798999273	NA
262	AS-606041-LR-56130_AS-621329-LR-56630	2.83137469710843	NA
263	AS-606043-LR-56130_AS-621331-LR-56630	1.54804535984389	1.5611556818023
264	AS-606045-LR-56130_AS-621333-LR-56630	0.825368641844169	0.820148140373998
265	AS-606047-LR-56130_AS-621335-LR-56630	2.7120813057114	NA
266	AS-606049-LR-56130_AS-621337-LR-56630	1.81081780960277	1.72944194577253
267	AS-606051-LR-56130_AS-621339-LR-56630	1.67747473380868	1.77428704657838
268	AS-606055-LR-56130_AS-621343-LR-56630	2.17978283951301	NA
269	AS-606057-LR-56130_AS-621345-LR-56630	2.62702613938893	NA
270	AS-606069-LR-56130_AS-621357-LR-56630	2.36109616249924	NA
271	AS-606079-LR-56130_AS-621367-LR-56630	2.51674702018412	NA
272	AS-606081-LR-56130_AS-621369-LR-56630	2.58989124969576	NA
273	AS-606083-LR-56130_AS-621371-LR-56630	1.74048052676578	1.67753352951119
274	AS-606087-LR-56130_AS-621375-LR-56630	0.927929794811701	0.925603119925795
275	AS-606089-LR-56130_AS-621377-LR-56630	1.07556588115245	1.07703275241695
276	AS-606091-LR-56130_AS-621379-LR-56630	0.855420011671974	0.85119379978575
277	AS-606093-LR-56130_AS-621381-LR-56630	2.79840487969611	NA
278	AS-606097-LR-56130_AS-621385-LR-56630	0.91248297134075	0.907608923593191
279	AS-606103-LR-56130_AS-621391-LR-56630	1.69631744015689	1.65862121431872
280	AS-606107-LR-56130_AS-621395-LR-56630	2.48378230469994	NA
281	AS-606113-LR-56130_AS-621401-LR-56630	3.29980945539319	NA
282	AS-606115-LR-56130_AS-621403-LR-56630	2.78185152639642	NA
283	AS-606117-LR-56130_AS-621405-LR-56630	2.24214624338017	NA
284	AS-606119-LR-56130_AS-621407-LR-56630	1.97003545340111	1.84577754842231
285	AS-606121-LR-56130_AS-621409-LR-56630	2.00195424471749	1.90095642632817
286	AS-606123-LR-56130_AS-621411-LR-56630	1.64373116098848	1.690511270727
287	AS-605973-LR-56130_AS-621261-LR-56630	0.821365419527499	0.8186655243678
288	AS-605975-LR-56130_AS-621263-LR-56630	2.67046250907845	NA
289	AS-606125-LR-56130_AS-621413-LR-56630	2.62154689317761	NA
290	AS-606127-LR-56130_AS-621415-LR-56630	2.61889470710167	NA
291	AS-606129-LR-56130_AS-621417-LR-56630	0.963646449173742	0.954886799473945
292	AS-606133-LR-56130_AS-621421-LR-56630	1.67129769005791	1.7140774192352
293	AS-606135-LR-56130_AS-621423-LR-56630	2.64356670393796	NA
294	AS-606137-LR-56130_AS-621425-LR-56630	0.982667348581418	0.986159539387875
295	AS-606139-LR-56130_AS-621427-LR-56630	0.757879484893557	0.757674246403266
296	AS-606141-LR-56130_AS-621429-LR-56630	0.499812258193474	0.49918361261498
297	AS-606143-LR-56130_AS-621431-LR-56630	3.07761174410434	NA
298	AS-606145-LR-56130_AS-621433-LR-56630	2.26153901638738	NA
299	AS-605983-LR-56130_AS-621271-LR-56630	3.00371341300737	NA
300	AS-605985-LR-56130_AS-621273-LR-56630	1.8476490692381	1.81423419329449
301	AS-605987-LR-56130_AS-621275-LR-56630	2.74993079136878	NA
302	AS-605989-LR-56130_AS-621277-LR-56630	3.29997861161667	NA
303	AS-605957-LR-56130_AS-621245-LR-56630	1.5356991538285	1.70016014919313
304	AS-605959-LR-56130_AS-621247-LR-56630	0.62598821050844	0.626704139956939
305	AS-605995-LR-56130_AS-621283-LR-56630	2.76531995497294	NA
306	AS-605997-LR-56130_AS-621285-LR-56630	2.67325569256419	NA
307	AS-606001-LR-56130_AS-621289-LR-56630	0.836042999515388	0.833750142614719
308	AS-606003-LR-56130_AS-621291-LR-56630	2.51875550514981	NA
309	AS-605961-LR-56130_AS-621249-LR-56630	1.71033054486226	1.68481001079884
310	AS-604735-LR-56221_AS-621486-LR-56645	5.03738137778157	NA
311	AS-604737-LR-56221_AS-621488-LR-56645	2.42399149743137	NA
312	AS-604743-LR-56221_AS-621494-LR-56645	3.38307760338613	NA
313	AS-604745-LR-56221_AS-621496-LR-56645	0.576076208351555	0.573650077610866
314	AS-604687-LR-56221_AS-621438-LR-56645	1.28246433281022	1.34760859203488
315	AS-604747-LR-56221_AS-621498-LR-56645	0.976708888129447	0.98716927632527
316	AS-604749-LR-56221_AS-621500-LR-56645	3.0946468826669	NA
317	AS-604751-LR-56221_AS-621502-LR-56645	1.40529877444666	1.43968522864063
318	AS-604753-LR-56221_AS-621504-LR-56645	2.9589549807976	NA
319	AS-604755-LR-56221_AS-621506-LR-56645	3.29339001629449	NA
320	AS-604759-LR-56221_AS-621510-LR-56645	2.68609173903224	NA
321	AS-604761-LR-56221_AS-621512-LR-56645	1.57171350445248	1.58642655279995
322	AS-604763-LR-56221_AS-621514-LR-56645	1.01215667330384	0.997711932781322
323	AS-604693-LR-56221_AS-621444-LR-56645	2.40350597021322	NA
324	AS-604765-LR-56221_AS-621516-LR-56645	3.20175115856807	NA
325	AS-604767-LR-56221_AS-621518-LR-56645	1.17434141710584	1.17293775537147
326	AS-604769-LR-56221_AS-621520-LR-56645	0.837875991571699	0.831050158577156
327	AS-604771-LR-56221_AS-621522-LR-56645	1.83716878757553	2.15218172503921
328	AS-604773-LR-56221_AS-621524-LR-56645	2.60587274612726	NA
329	AS-604775-LR-56221_AS-621526-LR-56645	2.16007859370281	NA
330	AS-604777-LR-56221_AS-621528-LR-56645	0.944943652560094	0.94746053248507
331	AS-604779-LR-56221_AS-621530-LR-56645	1.12736044532996	1.14714205474398
332	AS-604781-LR-56221_AS-621532-LR-56645	3.26020635823221	NA
333	AS-604785-LR-56221_AS-621536-LR-56645	0.886833579945621	0.883895674213931
334	AS-604787-LR-56221_AS-621538-LR-56645	0.887926112065162	0.881965061378379
335	AS-604789-LR-56221_AS-621540-LR-56645	2.60670518844518	NA
336	AS-604793-LR-56221_AS-621544-LR-56645	2.38289782191885	NA
337	AS-604807-LR-56221_AS-621558-LR-56645	2.69449019589109	NA
338	AS-604809-LR-56221_AS-621560-LR-56645	2.91370004183568	NA
339	AS-604811-LR-56221_AS-621562-LR-56645	0.767896924197627	0.764299795292238
340	AS-604813-LR-56221_AS-621564-LR-56645	0.967013646931574	0.965246388863998
341	AS-604815-LR-56221_AS-621566-LR-56645	0.857446624209095	0.853542646976208
342	AS-604817-LR-56221_AS-621568-LR-56645	1.49679765605637	1.53710123626408
343	AS-604819-LR-56221_AS-621570-LR-56645	2.69153649605058	NA
344	AS-604821-LR-56221_AS-621572-LR-56645	2.7550795253186	NA
345	AS-604823-LR-56221_AS-621574-LR-56645	0.889685120555955	0.88329146537045
346	AS-604825-LR-56221_AS-621576-LR-56645	1.48166776324769	1.50805798491994
347	AS-604827-LR-56221_AS-621578-LR-56645	1.37471241907875	1.34915218958892
348	AS-604829-LR-56221_AS-621580-LR-56645	3.14490582905992	NA
349	AS-604835-LR-56221_AS-621586-LR-56645	0.975420922570096	0.982157450477843
350	AS-604841-LR-56221_AS-621592-LR-56645	0.868363307091107	0.871520651763882
351	AS-604843-LR-56221_AS-621594-LR-56645	1.24825090844817	1.25905729498607
352	AS-604845-LR-56221_AS-621596-LR-56645	1.71547714093287	1.70165298888953
353	AS-604849-LR-56221_AS-621600-LR-56645	1.02356595118733	1.02597819881394
354	AS-604851-LR-56221_AS-621602-LR-56645	2.88221219863823	NA
355	AS-604855-LR-56221_AS-621606-LR-56645	NA	5.76386756601121
356	AS-604859-LR-56221_AS-621610-LR-56645	0.705424058064129	0.704248583012462
357	AS-604861-LR-56221_AS-621612-LR-56645	2.23964821086011	NA
358	AS-604867-LR-56221_AS-621618-LR-56645	2.22148562573303	NA
359	AS-604869-LR-56221_AS-621620-LR-56645	3.39859030299934	NA
360	AS-604871-LR-56221_AS-621622-LR-56645	2.45538819681803	NA
361	AS-604873-LR-56221_AS-621624-LR-56645	2.17886306473025	NA
362	AS-604875-LR-56221_AS-621626-LR-56645	2.57954073779046	NA
363	AS-604877-LR-56221_AS-621628-LR-56645	3.03732934607021	NA
364	AS-604701-LR-56221_AS-621452-LR-56645	2.95558382758428	NA
365	AS-604703-LR-56221_AS-621454-LR-56645	2.8530280803728	NA
366	AS-604705-LR-56221_AS-621456-LR-56645	2.85830178579156	NA
367	AS-604717-LR-56221_AS-621468-LR-56645	2.70456810573012	NA
368	AS-604721-LR-56221_AS-621472-LR-56645	2.82407831105393	NA
369	AS-604723-LR-56221_AS-621474-LR-56645	0.443040602842679	0.446406163787626
370	AS-604725-LR-56221_AS-621476-LR-56645	1.05470073532825	1.04526102415688
371	AS-604727-LR-56221_AS-621478-LR-56645	2.52789844060515	NA
372	AS-604729-LR-56221_AS-621480-LR-56645	1.64590866162885	1.66751603543936
373	AS-604930-LR-56234_AS-621679-LR-56669	2.98269174908707	NA
374	AS-604934-LR-56234_AS-621683-LR-56669	0.989087496059299	0.982757691364128
375	AS-604936-LR-56234_AS-621685-LR-56669	2.831978732057	NA
376	AS-604938-LR-56234_AS-621687-LR-56669	0.876168241469601	0.873730717784129
377	AS-604940-LR-56234_AS-621689-LR-56669	1.46283734928172	1.49539661352387
378	AS-604942-LR-56234_AS-621691-LR-56669	1.618766159656	1.62269924814948
379	AS-604944-LR-56234_AS-621693-LR-56669	1.21598800026699	1.23105608290868
380	AS-604946-LR-56234_AS-621695-LR-56669	1.50989703087163	1.49489248974247
381	AS-604948-LR-56234_AS-621697-LR-56669	1.65141808276053	1.63713633042923
382	AS-604950-LR-56234_AS-621699-LR-56669	1.50856255960785	1.56447128320129
383	AS-604952-LR-56234_AS-621701-LR-56669	0.623723774326147	0.624790191756729
384	AS-604954-LR-56234_AS-621703-LR-56669	0.794867869104127	0.789614847857995
385	AS-604956-LR-56234_AS-621705-LR-56669	0.886609644206675	0.881372399082456
386	AS-604958-LR-56234_AS-621707-LR-56669	1.42608128828492	1.48164840973209
387	AS-604962-LR-56234_AS-621711-LR-56669	2.14133736079399	NA
388	AS-604964-LR-56234_AS-621713-LR-56669	2.47043592714845	NA
389	AS-604966-LR-56234_AS-621715-LR-56669	1.48479060333571	1.49195034705577
390	AS-604968-LR-56234_AS-621717-LR-56669	2.47791212686169	NA
391	AS-604970-LR-56234_AS-621719-LR-56669	0.923931163661677	0.920380773555507
392	AS-604972-LR-56234_AS-621721-LR-56669	3.41412513269729	NA
393	AS-604974-LR-56234_AS-621723-LR-56669	1.382112990603	1.42919733607941
394	AS-604976-LR-56234_AS-621725-LR-56669	2.57268005325812	NA
395	AS-604884-LR-56234_AS-621633-LR-56669	1.95503728500595	1.89235723793404
396	AS-604978-LR-56234_AS-621727-LR-56669	2.67587882772736	NA
397	AS-604980-LR-56234_AS-621729-LR-56669	0.721293047519914	0.727128840427177
398	AS-604982-LR-56234_AS-621731-LR-56669	2.66202809188322	NA
399	AS-604984-LR-56234_AS-621733-LR-56669	2.2416023717918	NA
400	AS-604986-LR-56234_AS-621735-LR-56669	3.51691667614781	NA
401	AS-604988-LR-56234_AS-621737-LR-56669	1.9271585190299	1.85060658147969
402	AS-605002-LR-56234_AS-621751-LR-56669	1.33014402912486	1.35627151988334
403	AS-605004-LR-56234_AS-621753-LR-56669	3.17704010016704	NA
404	AS-605012-LR-56234_AS-621761-LR-56669	1.45136541946876	1.46638779094117
405	AS-605014-LR-56234_AS-621763-LR-56669	1.32317253027207	1.3402317215577
406	AS-605016-LR-56234_AS-621765-LR-56669	0.564759207818128	0.564346398552099
407	AS-605018-LR-56234_AS-621767-LR-56669	0.686990549410114	0.685543618039484
408	AS-605022-LR-56234_AS-621771-LR-56669	1.89460670360196	1.97203829299363
409	AS-605024-LR-56234_AS-621773-LR-56669	2.79874934576686	NA
410	AS-605026-LR-56234_AS-621775-LR-56669	1.79586876896881	1.77758976382527
411	AS-605032-LR-56234_AS-621781-LR-56669	1.07758113740845	1.07998089210434
412	AS-605034-LR-56234_AS-621783-LR-56669	3.0712867627486	NA
413	AS-605038-LR-56234_AS-621787-LR-56669	2.77817176346419	NA
414	AS-605042-LR-56234_AS-621791-LR-56669	0.857118233223512	0.851453448992113
415	AS-605044-LR-56234_AS-621793-LR-56669	1.09003797700628	1.07035548179412
416	AS-605046-LR-56234_AS-621795-LR-56669	1.91197932604826	1.81957343727308
417	AS-605048-LR-56234_AS-621797-LR-56669	2.46312324047655	NA
418	AS-605050-LR-56234_AS-621799-LR-56669	0.687368644165116	0.684270920843031
419	AS-605052-LR-56234_AS-621801-LR-56669	1.41671227355202	1.43185391192648
420	AS-605054-LR-56234_AS-621803-LR-56669	0.842904805418931	0.838003855505168
421	AS-605056-LR-56234_AS-621805-LR-56669	2.71837914029481	NA
422	AS-605058-LR-56234_AS-621807-LR-56669	2.67090733933836	NA
423	AS-605062-LR-56234_AS-621811-LR-56669	3.47743226550145	NA
424	AS-605064-LR-56234_AS-621813-LR-56669	0.878911170378629	0.875743631146318
425	AS-605066-LR-56234_AS-621815-LR-56669	2.36174811984227	NA
426	AS-604894-LR-56234_AS-621643-LR-56669	2.8715836612812	NA
427	AS-604908-LR-56234_AS-621657-LR-56669	2.44748880332956	NA
428	AS-604910-LR-56234_AS-621659-LR-56669	0.631461696528472	0.629700933565541
429	AS-604912-LR-56234_AS-621661-LR-56669	2.12036828425624	NA
430	AS-604914-LR-56234_AS-621663-LR-56669	2.25502741725304	NA
431	AS-604916-LR-56234_AS-621665-LR-56669	2.92876583531903	NA
432	AS-604924-LR-56234_AS-621673-LR-56669	0.882513837694903	0.8801549830827
433	AS-575969-LR-56638	0.546100944475171	0.538608066728958
434	AS-575993-LR-56638	1.9627951777203	1.81574057135
435	AS-575971-LR-56638	3.616214032574	NA
436	AS-575973-LR-56638	2.15334915211418	1.89572861000036
437	AS-575997-LR-56638	2.44158331768434	NA
438	AS-575975-LR-56638	3.15329992537262	NA
439	AS-575999-LR-56638	3.13254253954393	NA
440	AS-576003-LR-56638	1.7006661419948	1.67901979446344
441	AS-575981-LR-56638	2.17866009270995	1.91898760742912
442	AS-576005-LR-56638	2.91598168204967	NA
443	AS-575961-LR-56638	2.55775568066689	NA
444	AS-575985-LR-56638	3.67717162011761	NA
445	AS-575963-LR-56638	0.559291958633805	0.562166462115845
446	AS-575987-LR-56638	3.44297732944056	NA
447	AS-575965-LR-56638	3.43825766434932	NA
448	AS-575989-LR-56638	1.91351696757873	1.79074722625769
449	AS-575967-LR-56638	3.58376744129248	NA
450	AS-576087-LR-56638	3.56083305382587	NA
451	AS-576065-LR-56638	3.52423667231452	NA
452	AS-576089-LR-56638	3.43726413807938	NA
453	AS-576067-LR-56638	3.69400579969933	NA
454	AS-576091-LR-56638	3.54285263820337	NA
455	AS-576093-LR-56638	3.40694382341236	NA
456	AS-576071-LR-56638	3.65267913071787	NA
457	AS-576095-LR-56638	3.67717162011761	NA
458	AS-576073-LR-56638	3.48481144734138	NA
459	AS-576097-LR-56638	3.5245475149229	NA
460	AS-576075-LR-56638	3.59523331672142	NA
461	AS-576099-LR-56638	3.67102867767341	NA
462	AS-576077-LR-56638	3.54635615293292	NA
463	AS-576101-LR-56638	3.55777770996496	NA
464	AS-576081-LR-56638	3.50626559486509	NA
465	AS-576083-LR-56638	3.70845072436365	NA
466	AS-576061-LR-56638	3.62693528538264	NA
467	AS-576085-LR-56638	3.73150713889534	NA
468	AS-576063-LR-56638	3.47043006358609	NA
469	AS-575943-LR-56638	0.0913843208888889	0.091398769766628
470	AS-575921-LR-56638	0	0
471	AS-575945-LR-56638	0.155095803790013	0.155429184957796
472	AS-575947-LR-56638	0.217629726395653	0.220014185442933
473	AS-575925-LR-56638	0.358230872258044	0.35807488993213
474	AS-575949-LR-56638	0.216547787367343	0.215949555422255
475	AS-575927-LR-56638	1.96795660406264	1.82299634591672
476	AS-575953-LR-56638	0.198828703134454	0.199901254556814
477	AS-575933-LR-56638	1.2200139401772	1.28703598090777
478	AS-575957-LR-56638	0.236282712929606	0.236598252546473
479	AS-575913-LR-56638	0.223824827288936	0.225538287813366
480	AS-575941-LR-56638	0.525071779979968	0.518357484544741
481	AS-576039-LR-56638	NA	7.76697292364404
482	AS-576017-LR-56638	NA	7.0172316293728
483	AS-576041-LR-56638	NA	7.91197707408295
484	AS-576043-LR-56638	NA	7.70325160705571
485	AS-576021-LR-56638	NA	7.92674377850827
486	AS-576045-LR-56638	NA	7.92868272917648
487	AS-576023-LR-56638	NA	8.03349793985268
488	AS-576025-LR-56638	NA	7.61258424466517
489	AS-576027-LR-56638	NA	7.65537567553988
490	AS-576051-LR-56638	NA	7.51890568798047
491	AS-576029-LR-56638	NA	7.9305456371922
492	AS-576053-LR-56638	NA	7.93077181958516
493	AS-576033-LR-56638	NA	7.67720872581508
494	AS-576011-LR-56638	NA	7.71096869773782
495	AS-576035-LR-56638	NA	8.06686330349131
496	AS-576013-LR-56638	NA	7.62842290680658
497	AS-576037-LR-56638	NA	7.76030715018958
498	AS-576015-LR-56638	7.58977645669633	NA
499	AS-636628-LR-56903	5.12834873403351	NA
500	AS-636640-LR-56903	5.12834873403351	NA
501	AS-636606-LR-56903	4.88178177419801	NA
502	AS-636630-LR-56903	5.95071368939099	NA
503	AS-636654-LR-56903	NA	NA
504	AS-636488-LR-56903	5.88110157798352	NA
505	AS-636512-LR-56903	4.88397161940005	NA
506	AS-636524-LR-56903	3.75838770773867	NA
507	AS-636572-LR-56903	5.12834873403351	NA
508	AS-636550-LR-56903	4.98810731434619	NA
509	AS-636598-LR-56903	5.94979959295728	NA
510	AS-636646-LR-56903	5.12834873403351	NA
511	AS-636468-LR-56903	4.63714760391092	NA
512	AS-636480-LR-56903	4.87853312111097	NA
513	AS-636516-LR-56903	6.3410438865896	NA
514	AS-636552-LR-56903	6.32084162706797	NA
515	AS-636564-LR-56903	4.87220868193222	NA
516	AS-636576-LR-56903	5.04179008657947	NA
517	AS-636648-LR-56903	NA	NA
518	AS-636482-LR-56903	5.12834873403351	NA
519	AS-636518-LR-56903	5.11215707309559	NA
520	AS-636530-LR-56903	5.04133838455698	NA
521	AS-636542-LR-56903	5.12834873403351	NA
522	AS-636520-LR-56903	4.66180215781327	NA
523	AS-636544-LR-56903	6.46513938029065	NA
524	AS-636592-LR-56903	5.00625445979381	NA
525	AS-636755-LR-56946	5.06817852816087	NA
526	AS-636767-LR-56946	5.12834873403351	NA
527	AS-636779-LR-56946	3.68137193301333	NA
528	AS-636791-LR-56946	5.12834873403351	NA
529	AS-636769-LR-56946	5.20335666205114	NA
530	AS-636805-LR-56946	5.10052186374323	NA
531	AS-636675-LR-56946	5.03899463121665	NA
532	AS-636771-LR-56946	5.06535322265952	NA
533	AS-636795-LR-56946	6.03439433700551	NA
534	AS-636843-LR-56946	NA	NA
535	AS-636725-LR-56946	4.9066595746619	NA
536	AS-636737-LR-56946	6.06904525948707	NA
537	AS-636809-LR-56946	5.11701111232204	NA
538	AS-636679-LR-56946	5.1210050106841	NA
539	AS-636703-LR-56946	NA	NA
540	AS-636763-LR-56946	6.18780431726751	NA
541	AS-636775-LR-56946	4.97690390747325	NA
542	AS-636681-LR-56946	5.08405290291875	NA
543	AS-636717-LR-56946	3.69263931687039	NA
544	AS-636837-LR-56946	6.11516852141291	NA
545	AS-636799-LR-56946	5.01641317063766	NA
546	AS-640101-LR-57108	NA	NA
547	AS-640107-LR-57108	NA	NA
548	AS-640149-LR-57108	NA	NA
549	AS-640155-LR-57108	6.93408865371544	NA
550	AS-640159-LR-57108	7.28230417860789	NA
551	AS-640163-LR-57108	5.05386373087868	NA
552	AS-640169-LR-57108	NA	NA
553	AS-640177-LR-57108	NA	NA
554	AS-640197-LR-57108	6.46055391284815	NA
555	AS-640199-LR-57108	4.9482633530177	NA
556	AS-640205-LR-57108	6.7167739825776	NA
557	AS-640207-LR-57108	4.76207891836654	NA
558	AS-640211-LR-57108	4.94392135339926	NA
559	AS-640213-LR-57108	6.4932253286675	NA
560	AS-640215-LR-57108	6.34633873381052	NA
561	AS-640221-LR-57108	NA	NA
562	AS-640225-LR-57108	4.54284572364728	NA
563	AS-640247-LR-57108	6.30674736695207	NA
